ds,y
2020-03-14 00:06,3
2020-03-15 00:12,5
2020-03-16 00:00,7
2020-03-17 00:11,28
2020-03-18 00:00,33
2020-03-19 00:00,62
2020-03-20 00:00,84
2020-03-21 00:00,118
2020-03-22 00:00,155
2020-03-23 00:00,186
2020-03-24 00:00,223
2020-03-25 00:00,252
2020-03-26 00:00,311
2020-03-27 00:00,342
2020-03-28 00:00,366
2020-03-29 00:00,400
2020-03-30 00:00,415
2020-03-31 00:00,434
2020-04-01 00:00,485
2020-04-02 00:00,593
2020-04-03 00:00,674
2020-04-04 00:00,744
2020-04-05 00:00,822
2020-04-06 00:00,1023
2020-04-07 00:00,1245
